0,1
2007_000027_jpg.rf.f198388eb768f32a89be553841611d3a.jpg,.DS_Store
2007_000032_jpg.rf.453cf71521fb73718369a7f07a41433c.jpg,2007_000027_jpg.rf.f198388eb768f32a89be553841611d3a.txt
2007_000033_jpg.rf.83ab0d65cbcc0be92b649082c8a21ffb.jpg,2007_000032_jpg.rf.453cf71521fb73718369a7f07a41433c.txt
2007_000061_jpg.rf.46ef80849da87d8113c0330be6ea5beb.jpg,2007_000033_jpg.rf.83ab0d65cbcc0be92b649082c8a21ffb.txt
2007_000068_jpg.rf.59f7be9df94d9d96fbe68b8d25df36f2.jpg,2007_000061_jpg.rf.46ef80849da87d8113c0330be6ea5beb.txt
2007_000121_jpg.rf.807519c5d839ae8e10504ffb0c132f39.jpg,2007_000068_jpg.rf.59f7be9df94d9d96fbe68b8d25df36f2.txt
2007_000175_jpg.rf.89dd3b1705cf32b3b67f325b8b782a36.jpg,2007_000121_jpg.rf.807519c5d839ae8e10504ffb0c132f39.txt
2007_000187_jpg.rf.2ab27aab673e7d40a76a53440f177c98.jpg,2007_000175_jpg.rf.89dd3b1705cf32b3b67f325b8b782a36.txt
2007_000241_jpg.rf.e14a4e70f555b90ac0e90134b6021bf2.jpg,2007_000187_jpg.rf.2ab27aab673e7d40a76a53440f177c98.txt
2007_000243_jpg.rf.637dab3bc3adf92ba84fcbe8f37805ee.jpg,2007_000241_jpg.rf.e14a4e70f555b90ac0e90134b6021bf2.txt
2007_000250_jpg.rf.f0fe3dea5cb311aa77a48bdb159ceba3.jpg,2007_000243_jpg.rf.637dab3bc3adf92ba84fcbe8f37805ee.txt
2007_000256_jpg.rf.02cb96ee20db070c880b4b909ccf0874.jpg,2007_000250_jpg.rf.f0fe3dea5cb311aa77a48bdb159ceba3.txt
2007_000323_jpg.rf.2a52cc87871ca584b7495c7c0c92730c.jpg,2007_000256_jpg.rf.02cb96ee20db070c880b4b909ccf0874.txt
2007_000332_jpg.rf.fcb9e3219402ff64f7784a12ec575f97.jpg,2007_000323_jpg.rf.2a52cc87871ca584b7495c7c0c92730c.txt
2007_000333_jpg.rf.10dc496466e7bc62531098819bcb5650.jpg,2007_000332_jpg.rf.fcb9e3219402ff64f7784a12ec575f97.txt
2007_000346_jpg.rf.3b12409d64d6c12cc88542df962c9e26.jpg,2007_000333_jpg.rf.10dc496466e7bc62531098819bcb5650.txt
2007_000363_jpg.rf.48cb82e0cbe27efc69ebe1b4b3c46b4d.jpg,2007_000346_jpg.rf.3b12409d64d6c12cc88542df962c9e26.txt
2007_000364_jpg.rf.935cacdb0f22aed817049c51b5da1e6b.jpg,2007_000363_jpg.rf.48cb82e0cbe27efc69ebe1b4b3c46b4d.txt
2007_000392_jpg.rf.2371d0fde59eeb9b6a8d3f1e381ea3db.jpg,2007_000364_jpg.rf.935cacdb0f22aed817049c51b5da1e6b.txt
2007_000423_jpg.rf.dc787ef8505dc8a1ccd4bd036d3aa31d.jpg,2007_000392_jpg.rf.2371d0fde59eeb9b6a8d3f1e381ea3db.txt
2007_000452_jpg.rf.743b20d564817ed050001950de651abd.jpg,2007_000423_jpg.rf.dc787ef8505dc8a1ccd4bd036d3aa31d.txt
2007_000464_jpg.rf.8295fa4cbcc2782802cac7dfc82b8233.jpg,2007_000452_jpg.rf.743b20d564817ed050001950de651abd.txt
2007_000480_jpg.rf.adf26b6f20506b2b114ecb3c849101a3.jpg,2007_000464_jpg.rf.8295fa4cbcc2782802cac7dfc82b8233.txt
2007_000504_jpg.rf.d0a67292c8850ecf8305402f95c7daa3.jpg,2007_000480_jpg.rf.adf26b6f20506b2b114ecb3c849101a3.txt
2007_000515_jpg.rf.d3db68425d96e88b8f8811585b0715f6.jpg,2007_000504_jpg.rf.d0a67292c8850ecf8305402f95c7daa3.txt
2007_000528_jpg.rf.f6fa184de60809f16f7403a1ccb47ea8.jpg,2007_000515_jpg.rf.d3db68425d96e88b8f8811585b0715f6.txt
2007_000559_jpg.rf.5266d7ae3b2d7782d8eebd6dd5c6f8ed.jpg,2007_000528_jpg.rf.f6fa184de60809f16f7403a1ccb47ea8.txt
2007_000572_jpg.rf.a92a0c57b771f4c9c7c394eba7cdbe75.jpg,2007_000559_jpg.rf.5266d7ae3b2d7782d8eebd6dd5c6f8ed.txt
2007_000584_jpg.rf.e6a3d7f8decfb7b64f182683a5a73b0b.jpg,2007_000572_jpg.rf.a92a0c57b771f4c9c7c394eba7cdbe75.txt
2007_000636_jpg.rf.68be798f9350bbd317a59ac3b99a89cb.jpg,2007_000584_jpg.rf.e6a3d7f8decfb7b64f182683a5a73b0b.txt
2007_000648_jpg.rf.0e74d108c5398bdc5b8911a62eedd95f.jpg,2007_000636_jpg.rf.68be798f9350bbd317a59ac3b99a89cb.txt
2007_000661_jpg.rf.e8a4e72280d5e9e0352e5836bfe18c9b.jpg,2007_000648_jpg.rf.0e74d108c5398bdc5b8911a62eedd95f.txt
2007_000663_jpg.rf.757aaf4c133e428f63c397ff4206da2e.jpg,2007_000661_jpg.rf.e8a4e72280d5e9e0352e5836bfe18c9b.txt
2007_000664_jpg.rf.a08f1dd3eda80791bb5cf71ecf9a054f.jpg,2007_000663_jpg.rf.757aaf4c133e428f63c397ff4206da2e.txt
2007_000676_jpg.rf.dbc2d4532de35a600a5d538892c21e85.jpg,2007_000664_jpg.rf.a08f1dd3eda80791bb5cf71ecf9a054f.txt
2007_000713_jpg.rf.9060aeadacbd0d99ccfa858451f3ff1a.jpg,2007_000676_jpg.rf.dbc2d4532de35a600a5d538892c21e85.txt
2007_000720_jpg.rf.d90769b21e3e0b451941e0a34c89e20c.jpg,2007_000713_jpg.rf.9060aeadacbd0d99ccfa858451f3ff1a.txt
2007_000727_jpg.rf.c564fba9bd88b125587c4bff817a2c26.jpg,2007_000720_jpg.rf.d90769b21e3e0b451941e0a34c89e20c.txt
2007_000738_jpg.rf.6ebec7f1e8938d1f74fdf4235e8c36ed.jpg,2007_000727_jpg.rf.c564fba9bd88b125587c4bff817a2c26.txt
2007_000762_jpg.rf.dfe251dff2645d5b49f0cb904d1add51.jpg,2007_000738_jpg.rf.6ebec7f1e8938d1f74fdf4235e8c36ed.txt
2007_000768_jpg.rf.f3aa7671aaaec5184e2618b17f81d131.jpg,2007_000762_jpg.rf.dfe251dff2645d5b49f0cb904d1add51.txt
2007_000793_jpg.rf.c9a412e7fbfa757f8dd7cf47af8e6ce0.jpg,2007_000768_jpg.rf.f3aa7671aaaec5184e2618b17f81d131.txt
2007_000804_jpg.rf.9d801775cac74dd2fec1f8e6e229a651.jpg,2007_000793_jpg.rf.c9a412e7fbfa757f8dd7cf47af8e6ce0.txt
2007_000807_jpg.rf.12984a0ec5915aaec121201bf847d3dc.jpg,2007_000804_jpg.rf.9d801775cac74dd2fec1f8e6e229a651.txt
2007_000822_jpg.rf.3a37d8f82c2a719ca40514d1436f8071.jpg,2007_000807_jpg.rf.12984a0ec5915aaec121201bf847d3dc.txt
2007_000830_jpg.rf.bc4cab67386d15cdcf0e3b150869531d.jpg,2007_000822_jpg.rf.3a37d8f82c2a719ca40514d1436f8071.txt
2007_000836_jpg.rf.811e4fb300ca896e7119e498a4352388.jpg,2007_000830_jpg.rf.bc4cab67386d15cdcf0e3b150869531d.txt
2007_000837_jpg.rf.4e60ae63524c913e6937a3f826702ab6.jpg,2007_000836_jpg.rf.811e4fb300ca896e7119e498a4352388.txt
2007_000847_jpg.rf.c187a263f92b7f17b0bbfcbc587779da.jpg,2007_000837_jpg.rf.4e60ae63524c913e6937a3f826702ab6.txt
2007_000862_jpg.rf.230684eac223c200221ce051564cb714.jpg,2007_000847_jpg.rf.c187a263f92b7f17b0bbfcbc587779da.txt
,2007_000862_jpg.rf.230684eac223c200221ce051564cb714.txt
